<tool id="snpEff" name="SNP effect" version="0.9">
	<description>for each SNP in a file</description>
	<!-- 
	    You will need to change the paths in the snpEff_wrapper.sh script to wherever
	    your snpEff installation is.
	-->
	<command interpreter="bash">snpEff_wrapper.sh $inputFormat $addChr $offset -upDownStreamLen $udLength $filterIn $filterHomHet -no $filterOut -stats $statsFile $genomeVersion --input $input --output $output --genesFile $genesFile</command>
	<inputs>
		<param format="Tabular" name="input" type="data" label="Sequence changes (SNPs, MNPs, InDels)"/>

		<param name="inputFormat" type="select" label="Input format">
			<option value="">Tabular</option>
			<option value="-pileup">Pileup</option>
			<option value="-vcf4">VCF 4</option>
		</param>

		<param name="genomeVersion" type="select" label="Genome">
			<option value="amel2"> Apis mellifera (amel2 BeeBase)</option>
			<option value="anoCar1.0.60"> Anolis carolinensis       ( anoCar1.0.60 ) </option>
			<option value="aquiCoer"> Aquilegia coerulea       (aquiCoer) </option>
			<option value="btau4.0.60"> Bos taurus  ( btau4.0.60 ) </option>
			<option value="btau4.59"> Bos.taurus (btau4.59 Ensembl)</option>
			<option value="bushBaby1.60"> Otolemur garnettii        ( bushBaby1.60 ) </option>
			<option value="calJac3.2.1.60"> Callithrix jacchus      ( calJac3.2.1.60 ) </option>
			<option value="canfam2.59"> Canis familiaris (canfam2.59 Ensembl)</option>
			<option value="canFam2.60"> Canis familiaris    ( canFam2.60 ) </option>
			<option value="cat1.60"> Felis catus    ( cat1.60 ) </option>
			<option value="cavPor3.60"> Cavia porcellus     ( cavPor3.60 ) </option>
			<option value="ce6"> Caenorhabditis elegans (ce6 UCSC)</option>
			<option value="ce.WS210.60"> Caenorhabditis elegans     ( ce.WS210.60 ) </option>
			<option value="chimp2.1.59"> Pan troglodytes (chimp2.1.59 Ensembl)</option>
			<option value="chimp2.1.60"> Pan troglodytes    ( chimp2.1.60 ) </option>
			<option value="choHof1.60"> Choloepus hoffmanni         ( choHof1.60 ) </option>
			<option value="cInt2.60"> Ciona intestinalis    ( cInt2.60 ) </option>
			<option value="cSav2.0.60"> Ciona savignyi      ( cSav2.0.60 ) </option>
			<option value="danRer6"> Danio rerio (danRer6 UCSC)</option>
			<option value="danRer8.59"> Danio rerio (danRer8.59 Ensembl)</option>
			<option value="danRer9.60"> Danio rerio         ( danRer9.60 ) </option>
			<option value="dasNov2.60"> Dasypus novemcinctus        ( dasNov2.60 ) </option>
			<option value="dipOrd1.60"> Dipodomys ordii     ( dipOrd1.60 ) </option>
			<option value="dm3"> Drosophila Melanogaster (dm3 UCSC)</option>
			<option value="dm5.12"> Drosophila Melanogaster (dm5.12 FlyBase)</option>
			<option value="dm5.22"> Drosophila Melanogaster (dm5.22 FlyBase)</option>
			<option value="dm5.25.59"> Drosophila Melanogaster (dm5.25.59 Ensembl)</option>
			<option value="dm5.25.60"> Drosophila melanogaster      ( dm5.25.60 ) </option>
			<option value="dm5.30"> Drosophila Melanogaster (dm5.30 FlyBase)</option>
			<option value="dm5.31"> Drosophila Melanogaster (dm5.31 FlyBase)</option>
			<option value="equCab2.60"> Equus caballus      ( equCab2.60 ) </option>
			<option value="eriEur1.60"> Erinaceus europaeus         ( eriEur1.60 ) </option>
			<option value="fugu4.60"> Takifugu rubripes     ( fugu4.60 ) </option>
			<option value="gacu1.60"> Gasterosteus aculeatus        ( gacu1.60 ) </option>
			<option value="ggallus2.60"> Gallus gallus      ( ggallus2.60 ) </option>
			<option value="ggallus.59"> Gallus gallus (ggallus.59 Ensembl)</option>
			<option value="gorGor3.60"> Gorilla gorilla     ( gorGor3.60 ) </option>
			<option value="hg37.59"> Homo sapiens (hg37.59 Ensembl)</option>
			<option value="hg37.60"> Homo sapiens   ( hg37.60 ) </option>
			<option value="hg37"> Homo sapiens (hg37 UCSC)</option>
			<option value="loxAfr3.60"> Loxodonta africana  ( loxAfr3.60 ) </option>
			<option value="medaka1.60"> Oryzias latipes     ( medaka1.60 ) </option>
			<option value="meug1.0.60"> Macropus eugenii    ( meug1.0.60 ) </option>
			<option value="micMur1.60"> Microcebus murinus  ( micMur1.60 ) </option>
			<option value="mm37.59"> musculus (mm37.59 Ensembl)</option>
			<option value="mm37.60"> Mus musculus   ( mm37.60 ) </option>
			<option value="mm37"> Mus musculus (mm37 UCSC)</option>
			<option value="mmul1.60"> Macaca mulatta        ( mmul1.60 ) </option>
			<option value="monDom5.60"> Monodelphis domestica       ( monDom5.60 ) </option>
			<option value="myoLuc1.60"> Myotis lucifugus    ( myoLuc1.60 ) </option>
			<option value="oana5.60"> Ornithorhynchus anatinus      ( oana5.60 ) </option>
			<option value="ochPri2.60"> Ochotona princeps   ( ochPri2.60 ) </option>
			<option value="oryCun2.60"> Oryctolagus cuniculus       ( oryCun2.60 ) </option>
			<option value="paeru.PA01"> Pseudomonas aeruginosa	( paeru.PA01 ) </option>
			<option value="paeru.PA14"> Pseudomonas aeruginosa	( paeru.PA14 ) </option>
			<option value="pfluo.SBW25.NC_009444"> Pseudomonas fluorescens	( pfluo.SBW25.NC_009444 ) </option>
			<option value="pfluo.SBW25.NC_012660"> Pseudomonas fluorescens	( pfluo.SBW25.NC_012660 ) </option>
			<option value="ppyg2.60"> Pongo pygmaeus abelii         ( ppyg2.60 ) </option>
			<option value="proCap1.60"> Procavia capensis   ( proCap1.60 ) </option>
			<option value="pteVam1.60"> Pteropus vampyrus   ( pteVam1.60 ) </option>
			<option value="rat3.4.59"> Rattus norvegicus (rat3.4.59 Ensembl)</option>
			<option value="rat3.4.60"> Rattus norvegicus    ( rat3.4.60 ) </option>
			<option value="sacCer2.60"> Saccharomyces cerevisiae    ( sacCer2.60 ) </option>
			<option value="sacCer2"> Saccharomyces cerevisiae (sacCer2 UCSC)</option>
			<option value="sacCer59"> Saccharomyces cerevisiae (sacCer59 Ensembl)</option>
			<option value="SIVmac239"> HIV (SIVmac239)</option>
			<option value="sorAra1.60"> Sorex araneus       ( sorAra1.60 ) </option>
			<option value="speTri1.60"> Spermophilus tridecemlineatus       ( speTri1.60 ) </option>
			<option value="sScrofa9.60"> Sus scrofa         ( sScrofa9.60 ) </option>
			<option value="taeGut3.2.4.60"> Taeniopygia guttata     ( taeGut3.2.4.60 ) </option>
			<option value="tarSyr1.60"> Tarsius syrichta    ( tarSyr1.60 ) </option>
			<option value="tenrec1.60"> Echinops telfairi   ( tenrec1.60 ) </option>
			<option value="tetraodon8.60"> Tetraodon nigroviridis   ( tetraodon8.60 ) </option>
			<option value="tupBel1.60"> Tupaia belangeri    ( tupBel1.60 ) </option>
			<option value="turTru1.60"> Tursiops truncatus  ( turTru1.60 ) </option>
			<option value="vicPac1.60"> Vicugna pacos       ( vicPac1.60 ) </option>
			<option value="xtrop4.1.60"> Xenopus tropicalis ( xtrop4.1.60 ) </option>
		</param>

		<param name="addChr"  type="boolean" checked="false" truevalue="-chr" falsevalue="" label="Prepepnd 'chr' to chromosome names" />

		<param name="udLength" type="select" label="Upstream / Downstream length">
			<option value="0">No upstream / downstream intervals (0 bases)</option>
			<option value="200">200 bases</option>
			<option value="500">500 bases</option>
			<option value="1000">1000 bases</option>
			<option value="2000">2000 bases</option>
			<option value="5000" selected="true">5000 bases</option>
			<option value="10000">10000 bases</option>
			<option value="20000">20000 bases</option>
		</param>

        <param name="filterHomHet" type="select" display="radio" label="Filter homozygous / heterozygous changes">
			<option value="">No filter (analyze everything)</option>
			<option value="-hom">Analyze homozygous sequence changes only </option>
			<option value="-het">Analyze heterozygous sequence changes only </option>
        </param>

        <param name="filterIn" type="select" display="radio" label="Filter sequence changes">
			<option value="">No filter (analyze everything)</option>
			<option value="-del">Analyze deletions only </option>
			<option value="-ins">Analyze insertions only </option>
			<option value="-nmp">Only MNPs (multiple nucleotide polymorphisms) </option>
			<option value="-snp">Only SNPs (single nucleotide polymorphisms) </option>
        </param>

        <param name="filterOut" type="select" display="checkboxes" multiple="True" optional="true" value="" label="Filter output">
			<option value="downstream">Do not show DOWNSTREAM changes </option>
			<option value="intergenic">Do not show INTERGENIC changes </option>
			<option value="intron">Do not show INTRON changes </option>
			<option value="upstream">Do not show UPSTREAM changes </option>
			<option value="utr">Do not show 5_PRIME_UTR or 3_PRIME_UTR changes </option>
        </param>

        <param name="offset" type="select" display="radio" optional="true" label="Chromosomal position">
			<option value="">Use default (based on input type)</option>
			<option value="-0">Force zero-based positions (both input and output)</option>
			<option value="-1">Force one-based positions (both input and output)</option>
		</param>
	</inputs>
	<outputs>
		<data format="tabular" name="output" label="${tool.name} on ${on_string}: variants" />
		<data format="html" name="statsFile" label="${tool.name} on ${on_string}: summary" />
		<data format="tabular" name="genesFile" label="${tool.name} on ${on_string}: genes" />
	</outputs>

	<help>

This tool calculate the effect of SNPs/MNPs/Insertions and deletions. Current predictions include

	* GENE : ENSEMBL gene ID, gene name and bio-type.
	* TRANSCRIPT : ENSEMBL transcript ID.
	* INTRON : The SNP hits a transcript, but no exons (or UTRs).
	* EXON : ENSEMBL exon ID.
		* SYNONYMOUS_CODING : The SNP changes the DNA sequence in a way that produces the same amino acid.
		* NON_SYNONYMOUS_CODING : The SNP changes the DNA sequence in a way that produces a different amino acid.
		* STOP_GAINED : The SNP creates a new STOP codon.
		* STOP_LOST : The SNP changes a STOP codon into an amino acid.
		* SPLICE_SITE : An interval of 3 bases at the end (or start) of an exon, which is followed (or preceded) by an intron.
		* START_LOST : The SNP changes a START codon into an amino acid .
		* START_GAINED : The SNP creates a START codon in the 5 prime UTR region.
		* FRAME_SHIT : An insertion or deletion causes a frame shift in the exon.
	* UPSTREAM : The SNP is 2K bases upstream of a transcript (before 5 prime UTR).
	* DOWNSTREAM : The SNP is 2K bases downstream of a transcript (after 3 prime UTR).
	* 5PRIME_UTR : The SNP is in the 5 prime UTR region.
		* START_GAINED : A SNP creates a START codon in a 5 UTR region
	* 3PRIME_UTR : The SNP is in the 3 prime UTR region.
	* INTERGENIC : The SNP does not any known gene or up/downstream region.

-----

.. class:: infomark

**File format**

The file format must be tab-separated format, containing five columns that correspond to:

	* chromosome_name
	* chromosome_start_position
	* reference sequence
	* changed sequence: A slash is used to separate two alleles (insertions and deletions)
	* strand: {+,-}
	* quality (optional)
	* coverage (optional)

-----

.. class:: infomark

**Input file format example**

This is an example of an input file::

    5   140532    T   C       +
    12  1017956   T   A       +    45    12
    2   946507    G   C       +    23    8
    14  19584687  C   T       -
    19  66520     G   -A/-A   +
    8   150029    A   */+T    +

You can also use <a class="body" href="http://www.1000genomes.org/wiki/Analysis/Variant%20Call%20Format/vcf-variant-call-format-version-40">VCF4</a> format or <a class="body" href="https://sourceforge.net//apps/mediawiki/samtools/index.php?title=SAM_FAQ#I_do_not_understand_the_columns_in_the_pileup_output.">pileup</a>. 


-----

.. class:: infomark

**Output file format example**

The output file consist of one line per SNP effect. This means that you usually get more than one line per SNP. The format is tab separated cinsisting of two columns

    * Chromosome
    * Position
    * Reference
    * Change
    * Change type: {SNP, MNP, INS, DEL}
    * Homozygous: {Hom, Het}
    * Quality
    * Coverage
    * Warnings
    * Gene_ID
    * Gene_name
    * Bio_type
    * Trancript_ID
    * Exon_ID
    * Exon_Rank
    * Effect
    * old_AA/new_AA
    * Old_codon/New_codon
    * Codon_Num(CDS)
    * CDS_size
    * Custom_interval_ID


This is an example of an output file::


    chr2L   35041   T       K       SNP     Het     50                      FBgn0051973     Cda5            FBtr0078164     FBgn0051973:11  11      SYNONYMOUS_CODING       Q/Q     CAA/CAA 332     5997
    chr2L   35041   T       K       SNP     Het     50                      FBgn0051973     Cda5            FBtr0078163     FBgn0051973:11  11      NON_SYNONYMOUS_CODING   Q/H     CAA/CAC 332     3120
    chr2L   200401  C       Y       SNP     Het     228                     FBgn0016977     spen            FBtr0078121     CG18497:10      10      STOP_GAINED     Y/*     TAC/TAG 5240    16602
    chr2L   194601  C       Y       SNP     Het     228                     FBgn0016977     spen            FBtr0078122     CG18497:6       6       NON_SYNONYMOUS_CODING   P/A     CCG/GCG 3473    16683
    chr2L   779563  A       R       SNP     Het     168                     FBgn0031277     CG13947         FBtr0078005     FBgn0031277:1   1       STOP_LOST       */Y     TAA/TAC 120     360
    chr2L   856021  *       +CGGAGGAGG/*    INS     Het     267                     FBgn0031288     CG13949         FBtr0078017     FBgn0031288:3   3       FRAME_SHIFT                     118     438
    chr2L   856890  C       Y       SNP     Het     201                     FBgn0029095     aru             FBtr0078031                     DOWNSTREAM: 43 bases
    chr2L   871556  G       R       SNP     Het     228                     FBgn0053526     PNUTS           FBtr0091487     CG33526:2       2       5PRIME_UTR: 18 bases from TSS
    chr2L   878267  T       W       SNP     Het     228             WARNING: Base is 'G' but SNP says 'T'.  FBgn0031292     CG15824         FBtr0078029     CG15824:14      14      3PRIME_UTR: 14 bases from transcript end

.. class:: warningmark 

**WARNING** You may get the same effect on one exon repeated because it acts on different transcripts::

	</help>
</tool>

