<tool id="snpSift_int" name="SnpSift Intervals" version="1.0">
	<description>Filter variants using intervals </description>
	<!-- 
	    You will need to change the path to wherever your installation is.
		You can change the amount of memory used, just change the -Xmx parameter (e.g. use -Xmx2G for 2Gb of memory)
	-->
	<command>
		cat $input | java -Xmx2G -jar /home/pcingola/tools/SnpSift.jar int $bedFile > $output
	</command>
	<inputs>
		<param format="Tabular" name="input" type="data" label="VCF input"/>
		<param format="Tabular" name="bedFile" type="data" label="Intervals (BED file)"/>
	</inputs>
	<outputs>
		<data format="tabular" name="output" />
	</outputs>

	<help>

You can filter using intervals (BED file)

For details about this tool, please go to http://snpeff.sourceforge.net/SnpSift.html#intervals

	</help>
</tool>
