<tool id="snpSift_annotate" name="SnpSift Annotate" version="1.0">
	<description>Annotate SNPs from dbSnp</description>
	<!-- 
	    You will need to change the path to wherever your installation is.
		You can change the amount of memory used, just change the -Xmx parameter (e.g. use -Xmx2G for 2Gb of memory)
	-->
	<command>java -Xmx6G -jar /home/pcingola/tools/SnpSift.jar annotate -q $dbSnp $input > $output </command>
	<inputs>
		<param format="Tabular" name="input" type="data" label="VCF input"/>
		<param format="Tabular" name="dbSnp" type="data" label="dbSnp in VCF format"/>
	</inputs>
	<outputs>
		<data format="tabular" name="output" />
	</outputs>

	<help>

This is typically used to annotate IDs from dbSnp.

For details about this tool, please go to http://snpeff.sourceforge.net/SnpSift.html#annotate

	</help>
</tool>

